-- phpMyAdmin SQL Dump
-- version 5.2.0
-- https://www.phpmyadmin.net/
--
-- Host: 127.0.0.1
-- Waktu pembuatan: 02 Jan 2024 pada 03.26
-- Versi server: 10.4.27-MariaDB
-- Versi PHP: 7.4.29

SET SQL_MODE = "NO_AUTO_VALUE_ON_ZERO";
START TRANSACTION;
SET time_zone = "+00:00";


/*!40101 SET @OLD_CHARACTER_SET_CLIENT=@@CHARACTER_SET_CLIENT */;
/*!40101 SET @OLD_CHARACTER_SET_RESULTS=@@CHARACTER_SET_RESULTS */;
/*!40101 SET @OLD_COLLATION_CONNECTION=@@COLLATION_CONNECTION */;
/*!40101 SET NAMES utf8mb4 */;

--
-- Database: `dbtokopertanian`
--

-- --------------------------------------------------------

--
-- Struktur dari tabel `customer`
--

CREATE TABLE `customer` (
  `id_customer` int(11) NOT NULL,
  `nama_customer` varchar(55) NOT NULL,
  `alamat` varchar(55) NOT NULL,
  `tgl_lahir` date NOT NULL,
  `no_tlp` varchar(55) NOT NULL,
  `gender_id_gender` int(11) NOT NULL
) ENGINE=InnoDB DEFAULT CHARSET=utf8mb4 COLLATE=utf8mb4_general_ci;

--
-- Dumping data untuk tabel `customer`
--

INSERT INTO `customer` (`id_customer`, `nama_customer`, `alamat`, `tgl_lahir`, `no_tlp`, `gender_id_gender`) VALUES
(1, 'Budi Santoso', 'Gandasuli', '1960-01-27', '81376540921', 1),
(2, 'Andi Wijaya', 'Pasarbatang', '1963-09-22', '87629183047', 1),
(3, 'Joko Cahyono', 'Pasarbatang', '1962-03-17', '85410293856', 1),
(4, 'Ahmad Setiawan', 'Tengki', '1964-02-29', '89754210386', 1),
(5, 'Agus Susanto', 'Gandasuli', '1975-08-17', '87377483300', 1),
(6, 'Adi Pratama', 'Sigambir', '1964-06-20', '82965714203', 1),
(7, 'Hendra Surya', 'Tengki', '1966-07-22', '85346710925', 1),
(8, 'Yanto Wibowo', 'Gandasuli', '1960-12-29', '85428795013', 1),
(9, 'Slamet Santoso', 'Sigambir', '1963-11-21', '84637290185', 1),
(10, 'Siti Nurhaliza', 'Gandasuli', '1961-10-28', '81043759162', 0),
(11, 'Tuti Wulandari', 'Saditan', '1962-11-16', '87216935804', 0),
(12, 'Ningsih Wijayanti', 'Gandasuli', '1968-08-21', '89518304762', 0),
(13, 'Sri Wahyuni', 'Saditan', '1967-02-24', '82690472185', 0),
(14, 'Yati Suryani', 'Pasarbatang', '1969-05-22', '83157694208', 0),
(15, 'Sumiati Nurhayati', 'Sigambir', '1968-08-23', '88273651940', 0),
(16, 'Jono Prabowo', 'Pasarbatang', '1978-08-05', '88129083821', 1),
(17, 'Samprah Pratiwi', 'Sigambir', '1988-07-13', '88273651839', 0),
(18, 'Tikno Wibisono', 'Saditan', '1984-02-22', '88273651223', 1),
(19, 'Muhaimin Haris', 'Pasarbatang', '1966-11-21', '84637290221', 1),
(20, 'Jarwo Prabowo', 'Sigambir', '1970-11-21', '84637291992', 1),
(21, 'Casmita Wijayanti', 'Gandasuli', '1985-11-22', '8463722001', 1),
(22, 'Ros Sitiawan', 'Pasarbatang', '1979-08-15', '88129083453', 0),
(23, 'Ismail Pranata', 'Sigambir', '1986-07-13', '88273651209', 1),
(24, 'Zaenal Wibisono', 'Saditan', '1985-02-22', '88273651256', 1),
(25, 'Trisna Cahyani', 'Pasarbatang', '1978-11-21', '84637290278', 1),
(26, 'Somadi Pranata', 'Sigambir', '1979-11-21', '84637291980', 1),
(27, 'Sopo Wibisono', 'Gandasuli', '1989-11-22', '8463722006', 1),
(28, 'Rio Santoso', 'Pasarbatang', '1967-08-12', '88129084509', 1),
(29, 'Fia Wijayanti', 'Sigambir', '1986-07-18', '88273651250', 0),
(30, 'Rahma Pratiwi', 'Saditan', '1976-02-23', '88273651212', 0),
(31, 'Tresno Santoso', 'Pasarbatang', '1966-11-30', '84637290445', 1),
(32, 'Amad Wijaya', 'Sigambir', '1980-11-22', '84637291999', 1),
(33, 'Udin Cahyono', 'Gandasuli', '1967-11-26', '8463722900', 1),
(34, 'Amar Wijaya', 'Sigambir', '1981-11-30', '84637292890', 1),
(35, 'Udin Wijaya', 'Gandasuli', '1988-11-18', '8463721880', 1),
(36, 'Ryu Pranata', 'Pasarbatang', '1976-08-16', '88129081567', 1),
(37, 'Sarip Prabowo', 'Sigambir', '1978-08-15', '88273658790', 1),
(38, 'Ugi Wibisono', 'Saditan', '1986-11-26', '88273651211', 1),
(39, 'Tyas Wijayanti', 'Pasarbatang', '1969-11-22', '84637291224', 0),
(40, 'Sampri Pranata', 'Sigambir', '1986-12-29', '84637297890', 0),
(41, 'Tiur Wijayanti', 'Gandasuli', '1978-11-12', '8463722800', 0),
(42, 'Ulil Santoso', 'Gandasuli', '1967-06-21', '8463724500', 1),
(43, 'Umar Wijaya', 'Sigambir', '1989-11-23', '84637293020', 1),
(44, 'Teguh Cahyono', 'Gandasuli', '1977-11-21', '8463721866', 1),
(45, 'Adit Wijaya', 'Pasarbatang', '1979-08-16', '88129084434', 1),
(46, 'Dita Pratiwi', 'Sigambir', '1980-08-30', '88273650901', 0),
(47, 'Tarso Wibowo', 'Saditan', '1989-11-22', '88273651315', 1),
(48, 'Jannah Wijayanti', 'Pasarbatang', '1971-11-25', '84637292210', 0),
(49, 'Dwi Cahyani', 'Sigambir', '1986-12-29', '84637297890', 0),
(50, 'Harto Wijaya', 'Gandasuli', '1980-11-15', '8463721911', 1),
(51, 'Aldhi Bagas Pratama', 'Pasarbatang', '2015-03-06', '08221212133', 1),
(53, 'Sri Wahyuningsih', 'Bulakparen', '2015-03-11', '08221212111', 0),
(55, 'Taufiq Abidin', 'Bulakparen', '2009-03-10', '08221212155', 1),
(56, 'Jumaeroh', 'Pasarbatang', '2006-03-10', '08221212134', 0),
(57, 'Aldhi Bagas Pratama', 'Pasarbatang', '2024-01-11', '08221212121', 1),
(60, 'Petruk', 'Pasarbatang', '2020-02-04', '08221212156', 1),
(79, 'Suryadi', 'Brebes', '2020-03-05', '08221212133', 1),
(90, 'Surya', 'Pasarbatang', '2024-01-11', '08221212121', 1),
(94, 'Sri Wahyuningsih', 'Bulakparen', '2024-01-11', '08221212133', 0);

-- --------------------------------------------------------

--
-- Struktur dari tabel `detail_transaksi`
--

CREATE TABLE `detail_transaksi` (
  `id_detail` int(11) NOT NULL,
  `jumlah` int(11) NOT NULL,
  `produk_id_produk` int(11) NOT NULL,
  `transaksi_id_transaksi` int(11) NOT NULL,
  `harga` int(11) NOT NULL
) ENGINE=InnoDB DEFAULT CHARSET=utf8mb4 COLLATE=utf8mb4_general_ci;

--
-- Dumping data untuk tabel `detail_transaksi`
--

INSERT INTO `detail_transaksi` (`id_detail`, `jumlah`, `produk_id_produk`, `transaksi_id_transaksi`, `harga`) VALUES
(1, 2, 2005, 277, 80000),
(2, 10, 3015, 320, 900000),
(3, 1, 2010, 221, 40000),
(4, 7, 2007, 13, 70000),
(5, 6, 2011, 273, 180000),
(6, 4, 4010, 236, 320000),
(7, 4, 3008, 260, 40000),
(8, 10, 3010, 240, 190000),
(9, 7, 2002, 241, 70000),
(10, 8, 1014, 73, 272000),
(11, 2, 2009, 339, 80000),
(12, 8, 2008, 188, 120000),
(13, 7, 3004, 127, 49000),
(14, 5, 3003, 223, 80000),
(15, 6, 3012, 265, 114000),
(16, 2, 2008, 255, 30000),
(17, 1, 4012, 98, 70000),
(18, 5, 3012, 158, 95000),
(19, 8, 1003, 172, 64000),
(20, 8, 4014, 264, 400000),
(21, 2, 2007, 178, 20000),
(22, 6, 1013, 63, 294000),
(23, 3, 2002, 62, 30000),
(24, 4, 1011, 91, 56000),
(25, 5, 2007, 159, 50000),
(26, 8, 1013, 35, 392000),
(27, 8, 2006, 338, 160000),
(28, 10, 4002, 120, 350000),
(29, 4, 3002, 207, 52000),
(30, 1, 3014, 160, 90000),
(31, 8, 4007, 75, 80000),
(32, 9, 1012, 153, 216000),
(33, 3, 3008, 141, 30000),
(34, 4, 2014, 291, 80000),
(35, 6, 2014, 7, 120000),
(36, 5, 4007, 206, 50000),
(37, 2, 3003, 151, 32000),
(38, 2, 1006, 346, 16000),
(39, 8, 2011, 246, 240000),
(40, 4, 1010, 339, 28000),
(41, 9, 2011, 6, 270000),
(42, 1, 4008, 54, 40000),
(43, 4, 4011, 156, 120000),
(44, 1, 1015, 259, 34000),
(45, 2, 3015, 192, 180000),
(46, 6, 1008, 35, 90000),
(47, 10, 1008, 289, 150000),
(48, 2, 4010, 328, 160000),
(49, 6, 1011, 145, 84000),
(50, 6, 2010, 319, 240000),
(51, 8, 1014, 261, 272000),
(52, 2, 3009, 349, 32000),
(53, 10, 1005, 92, 80000),
(54, 8, 1015, 174, 272000),
(55, 9, 1009, 299, 216000),
(56, 4, 2003, 255, 120000),
(57, 3, 4002, 359, 105000),
(58, 2, 4008, 9, 80000),
(59, 9, 4015, 327, 360000),
(60, 10, 3013, 333, 700000),
(61, 1, 4012, 83, 70000),
(62, 4, 4014, 292, 200000),
(63, 10, 4012, 259, 700000),
(64, 5, 2001, 284, 250000),
(65, 1, 2005, 69, 40000),
(66, 1, 4001, 286, 100000),
(67, 8, 2003, 235, 240000),
(68, 8, 2003, 47, 240000),
(69, 8, 2012, 117, 80000),
(70, 5, 1011, 199, 70000),
(71, 2, 2012, 142, 20000),
(72, 1, 3014, 353, 90000),
(73, 3, 3012, 45, 57000),
(74, 1, 3011, 3, 85000),
(75, 9, 2011, 242, 270000),
(76, 3, 4004, 184, 450000),
(77, 1, 2008, 301, 15000),
(78, 10, 2007, 350, 100000),
(79, 3, 4001, 319, 300000),
(80, 10, 4012, 125, 700000),
(81, 7, 2015, 336, 70000),
(82, 2, 2012, 240, 20000),
(83, 2, 1013, 301, 98000),
(84, 7, 2005, 289, 280000),
(85, 4, 4011, 140, 120000),
(86, 6, 2002, 155, 60000),
(87, 2, 2008, 355, 30000),
(88, 3, 1013, 140, 147000),
(89, 6, 3001, 286, 90000),
(90, 7, 3009, 185, 112000),
(91, 6, 1002, 27, 78000),
(92, 1, 4012, 302, 70000),
(93, 2, 1001, 199, 40000),
(94, 5, 2011, 108, 150000),
(95, 7, 2011, 328, 210000),
(96, 9, 1012, 4, 216000),
(97, 5, 4006, 94, 800000),
(98, 4, 3005, 331, 64000),
(99, 9, 2010, 26, 360000),
(100, 4, 1005, 298, 32000),
(101, 10, 3010, 58, 190000),
(102, 4, 3012, 63, 76000),
(103, 6, 3002, 168, 78000),
(104, 8, 2001, 46, 400000),
(105, 2, 4011, 179, 60000),
(106, 7, 2011, 251, 210000),
(107, 8, 3013, 359, 560000),
(108, 9, 1008, 156, 135000),
(109, 6, 4004, 285, 900000),
(110, 3, 2002, 325, 30000),
(111, 4, 3003, 280, 64000),
(112, 1, 4004, 69, 150000),
(113, 9, 4007, 304, 90000),
(114, 5, 3013, 298, 350000),
(115, 2, 4001, 336, 200000),
(116, 4, 2008, 331, 60000),
(117, 9, 1012, 31, 216000),
(118, 5, 2001, 335, 250000),
(119, 2, 4010, 252, 160000),
(120, 1, 1004, 253, 5000),
(121, 9, 2015, 139, 90000),
(122, 7, 4014, 327, 350000),
(123, 9, 2005, 24, 360000),
(124, 5, 1013, 274, 245000),
(125, 8, 1007, 4, 144000),
(126, 10, 1005, 164, 80000),
(127, 3, 2006, 102, 60000),
(128, 5, 4009, 153, 100000),
(129, 8, 2006, 206, 160000),
(130, 2, 4001, 122, 200000),
(131, 7, 4009, 297, 140000),
(132, 1, 3015, 182, 90000),
(133, 1, 3010, 216, 19000),
(134, 1, 3005, 72, 16000),
(135, 10, 1008, 294, 150000),
(136, 8, 4008, 348, 320000),
(137, 6, 4002, 215, 210000),
(138, 4, 3012, 310, 76000),
(139, 8, 1014, 28, 272000),
(140, 6, 3007, 120, 96000),
(141, 6, 4015, 254, 240000),
(142, 7, 2010, 222, 280000),
(143, 2, 3006, 26, 50000),
(144, 5, 2013, 38, 100000),
(145, 4, 4001, 131, 400000),
(146, 7, 3001, 142, 105000),
(147, 2, 3007, 184, 32000),
(148, 2, 2007, 216, 20000),
(149, 6, 1011, 122, 84000),
(150, 10, 3009, 114, 160000),
(151, 1, 4002, 75, 35000),
(152, 6, 1013, 164, 294000),
(153, 4, 4011, 111, 120000),
(154, 8, 4012, 121, 560000),
(155, 4, 4005, 141, 3600000),
(156, 6, 4013, 36, 360000),
(157, 1, 3003, 102, 16000),
(158, 10, 4008, 22, 400000),
(159, 6, 3005, 159, 96000),
(160, 4, 2003, 49, 120000),
(161, 6, 2014, 156, 120000),
(162, 9, 4009, 351, 180000),
(163, 8, 3010, 114, 152000),
(164, 5, 2013, 62, 100000),
(165, 1, 2002, 35, 10000),
(166, 4, 1013, 334, 196000),
(167, 9, 3001, 24, 135000),
(168, 3, 3001, 25, 45000),
(169, 2, 3010, 130, 38000),
(170, 4, 4005, 357, 3600000),
(171, 9, 2009, 244, 360000),
(172, 4, 2002, 306, 40000),
(173, 9, 1007, 275, 162000),
(174, 2, 4010, 58, 160000),
(175, 1, 4004, 177, 150000),
(176, 5, 2013, 297, 100000),
(177, 10, 4013, 132, 600000),
(178, 10, 1002, 179, 130000),
(179, 9, 1009, 256, 216000),
(180, 9, 4004, 21, 1350000),
(181, 8, 4005, 326, 7200000),
(182, 5, 3005, 117, 80000),
(183, 3, 2003, 348, 90000),
(184, 7, 1002, 257, 91000),
(185, 2, 4005, 325, 1800000),
(186, 7, 3002, 348, 91000),
(187, 10, 4001, 115, 1000000),
(188, 4, 4007, 238, 40000),
(189, 6, 1015, 341, 204000),
(190, 2, 3003, 61, 32000),
(191, 3, 4015, 204, 120000),
(192, 9, 1015, 282, 306000),
(193, 7, 1007, 83, 126000),
(194, 9, 2008, 128, 135000),
(195, 5, 1002, 93, 65000),
(196, 2, 1003, 182, 16000),
(197, 4, 1006, 202, 32000),
(198, 7, 1009, 87, 168000),
(199, 6, 4009, 337, 120000),
(200, 3, 2011, 178, 90000),
(201, 3, 3006, 270, 75000),
(202, 5, 2008, 229, 75000),
(203, 9, 4008, 283, 360000),
(204, 6, 2011, 266, 180000),
(205, 1, 3004, 219, 7000),
(206, 5, 4002, 203, 175000),
(207, 5, 2001, 39, 250000),
(208, 1, 3008, 340, 10000),
(209, 9, 2004, 226, 270000),
(210, 7, 4003, 226, 210000),
(211, 2, 4006, 189, 320000),
(212, 8, 3008, 302, 80000),
(213, 10, 3008, 314, 100000),
(214, 8, 1004, 222, 40000),
(215, 5, 3010, 77, 95000),
(216, 8, 3002, 287, 104000),
(217, 5, 3003, 144, 80000),
(218, 6, 2002, 18, 60000),
(219, 4, 1010, 273, 28000),
(220, 8, 2012, 230, 80000),
(221, 1, 1011, 189, 14000),
(222, 6, 1009, 103, 144000),
(223, 5, 3007, 2, 80000),
(224, 8, 3014, 212, 720000),
(225, 10, 1006, 83, 80000),
(226, 7, 1005, 9, 56000),
(227, 4, 2007, 331, 40000),
(228, 4, 1001, 120, 80000),
(229, 5, 2015, 6, 50000),
(230, 3, 2009, 18, 120000),
(231, 5, 3014, 344, 450000),
(232, 6, 1004, 155, 30000),
(233, 1, 3008, 154, 10000),
(234, 7, 1014, 176, 238000),
(235, 3, 3004, 82, 21000),
(236, 2, 3003, 35, 32000),
(237, 6, 1008, 39, 90000),
(238, 9, 1009, 350, 216000),
(239, 7, 3001, 48, 105000),
(240, 9, 4014, 85, 450000),
(241, 9, 4001, 299, 900000),
(242, 2, 4014, 124, 100000),
(243, 5, 2004, 264, 150000),
(244, 3, 2015, 192, 30000),
(245, 7, 1014, 158, 238000),
(246, 8, 2001, 8, 400000),
(247, 2, 3001, 210, 30000),
(248, 5, 4003, 237, 150000),
(249, 1, 1011, 161, 14000),
(250, 10, 4008, 12, 400000),
(251, 2, 2013, 157, 40000),
(252, 5, 3009, 23, 80000),
(253, 2, 3004, 129, 14000),
(254, 8, 2014, 287, 160000),
(255, 8, 1009, 210, 192000),
(256, 5, 2002, 88, 50000),
(257, 9, 2014, 282, 180000),
(258, 10, 3001, 143, 150000),
(259, 4, 4012, 189, 280000),
(260, 9, 4006, 62, 1440000),
(261, 5, 1015, 138, 170000),
(262, 7, 4010, 243, 560000),
(263, 6, 3013, 331, 420000),
(264, 6, 2011, 170, 180000),
(265, 10, 3011, 324, 850000),
(266, 7, 4005, 356, 6300000),
(267, 6, 4006, 171, 960000),
(268, 1, 1013, 41, 49000),
(269, 1, 3012, 337, 19000),
(270, 8, 4005, 40, 7200000),
(271, 8, 1009, 270, 192000),
(272, 2, 3002, 149, 26000),
(273, 1, 4015, 328, 40000),
(274, 4, 1003, 200, 32000),
(275, 5, 3010, 73, 95000),
(276, 7, 2009, 144, 280000),
(277, 6, 4002, 49, 210000),
(278, 4, 3009, 18, 64000),
(279, 2, 4010, 164, 160000),
(280, 10, 2001, 275, 500000),
(281, 3, 3003, 211, 48000),
(282, 9, 4006, 157, 1440000),
(283, 4, 2004, 330, 120000),
(284, 9, 3003, 68, 144000),
(285, 4, 4005, 202, 3600000),
(286, 10, 3005, 92, 160000),
(287, 3, 2002, 309, 30000),
(288, 5, 3007, 47, 80000),
(289, 7, 4005, 21, 6300000),
(290, 4, 1008, 309, 60000),
(291, 1, 4009, 248, 20000),
(292, 4, 4014, 9, 200000),
(293, 8, 2010, 155, 320000),
(294, 7, 1003, 265, 56000),
(295, 8, 1010, 163, 56000),
(296, 9, 2010, 312, 360000),
(297, 2, 3009, 94, 32000),
(298, 3, 3007, 46, 48000),
(299, 1, 4003, 321, 30000),
(300, 9, 1006, 31, 72000),
(301, 6, 4001, 223, 600000),
(302, 9, 2013, 275, 180000),
(303, 4, 3006, 168, 100000),
(304, 5, 1012, 350, 120000),
(305, 4, 1010, 278, 28000),
(306, 10, 2010, 106, 400000),
(307, 10, 4003, 114, 300000),
(308, 1, 2011, 255, 30000),
(309, 3, 2003, 124, 90000),
(310, 3, 2002, 241, 30000),
(311, 6, 4003, 264, 180000),
(312, 5, 2013, 200, 100000),
(313, 8, 4003, 32, 240000),
(314, 4, 1015, 139, 136000),
(315, 4, 1003, 122, 32000),
(316, 1, 1002, 34, 13000),
(317, 8, 4004, 13, 1200000),
(318, 1, 1015, 320, 34000),
(319, 2, 1002, 105, 26000),
(320, 9, 1001, 149, 180000),
(321, 1, 3015, 176, 90000),
(322, 9, 4005, 357, 8100000),
(323, 10, 1001, 349, 200000),
(324, 1, 3009, 52, 16000),
(325, 5, 2012, 315, 50000),
(326, 3, 4003, 19, 90000),
(327, 10, 3010, 101, 190000),
(328, 6, 3003, 149, 96000),
(329, 1, 3007, 340, 16000),
(330, 10, 4015, 246, 400000),
(331, 4, 2004, 200, 120000),
(332, 8, 2011, 246, 240000),
(333, 4, 1011, 306, 56000),
(334, 8, 1007, 337, 144000),
(335, 5, 2003, 3, 150000),
(336, 3, 4008, 195, 120000),
(337, 1, 3014, 275, 90000),
(338, 10, 1011, 96, 140000),
(339, 9, 2015, 156, 90000),
(340, 5, 1001, 185, 100000),
(341, 9, 1004, 353, 45000),
(342, 7, 3007, 30, 112000),
(343, 7, 4015, 235, 280000),
(344, 10, 3014, 210, 900000),
(345, 1, 1001, 291, 20000),
(346, 7, 2011, 323, 210000),
(347, 8, 4012, 233, 560000),
(348, 10, 3012, 257, 190000),
(349, 4, 3014, 88, 360000),
(350, 2, 2014, 81, 40000),
(351, 8, 4004, 232, 1200000),
(352, 9, 3004, 161, 63000),
(353, 6, 2002, 249, 60000),
(354, 1, 3002, 120, 13000),
(355, 8, 1003, 315, 64000),
(356, 1, 4002, 160, 35000),
(357, 7, 3004, 101, 49000),
(358, 5, 2006, 93, 100000),
(359, 6, 1006, 97, 48000),
(360, 10, 2003, 150, 300000),
(361, 9, 3012, 48, 171000),
(362, 2, 4011, 343, 60000),
(363, 5, 4009, 178, 100000),
(364, 5, 3015, 45, 450000),
(365, 2, 2007, 315, 20000),
(366, 3, 3003, 14, 48000),
(367, 3, 2013, 109, 60000),
(368, 3, 1003, 210, 24000),
(369, 5, 1012, 84, 120000),
(370, 10, 2013, 214, 200000),
(371, 2, 2015, 331, 20000),
(372, 9, 1007, 59, 162000),
(373, 6, 4014, 360, 300000),
(374, 7, 4003, 295, 210000),
(375, 8, 1001, 289, 160000),
(376, 7, 3006, 96, 175000),
(377, 5, 4015, 194, 200000),
(378, 2, 3013, 271, 140000),
(379, 9, 3007, 176, 144000),
(380, 6, 4007, 29, 60000),
(381, 5, 2009, 192, 200000),
(382, 4, 3009, 119, 64000),
(383, 8, 1006, 64, 64000),
(384, 4, 1012, 72, 96000),
(385, 5, 4011, 270, 150000),
(386, 7, 4010, 199, 560000),
(387, 5, 4013, 211, 300000),
(388, 2, 3010, 351, 38000),
(389, 3, 3014, 2, 270000),
(390, 1, 1010, 48, 7000),
(391, 9, 4012, 190, 630000),
(392, 6, 4012, 132, 420000),
(393, 10, 1007, 154, 180000),
(394, 10, 4006, 69, 1600000),
(395, 2, 4007, 305, 20000),
(396, 7, 4009, 140, 140000),
(397, 6, 2002, 69, 60000),
(398, 8, 3014, 102, 720000),
(399, 10, 3010, 285, 190000),
(400, 10, 3003, 205, 160000),
(401, 10, 3011, 156, 850000),
(402, 10, 3003, 295, 160000),
(403, 7, 3001, 59, 105000),
(404, 4, 4012, 45, 280000),
(405, 2, 2007, 138, 20000),
(406, 2, 1011, 48, 28000),
(407, 6, 1002, 350, 78000),
(408, 8, 2011, 104, 240000),
(409, 7, 2002, 18, 70000),
(410, 10, 2003, 202, 300000),
(411, 9, 3001, 336, 135000),
(412, 8, 1002, 43, 104000),
(413, 5, 4010, 94, 400000),
(414, 9, 2006, 121, 180000),
(415, 1, 4004, 142, 150000),
(416, 6, 4006, 228, 960000),
(417, 10, 4015, 171, 400000),
(418, 8, 1012, 133, 192000),
(419, 2, 1003, 32, 16000),
(420, 6, 1003, 220, 48000),
(421, 7, 1009, 227, 168000),
(422, 8, 1007, 103, 144000),
(423, 5, 3014, 315, 450000),
(424, 10, 3012, 41, 190000),
(425, 6, 2014, 125, 120000),
(426, 9, 4009, 250, 180000),
(427, 7, 4003, 238, 210000),
(428, 1, 4005, 353, 900000),
(429, 6, 1008, 29, 90000),
(430, 8, 2005, 16, 320000),
(431, 8, 2011, 61, 240000),
(432, 6, 4001, 5, 600000),
(433, 8, 2012, 319, 80000),
(434, 5, 4007, 151, 50000),
(435, 10, 1015, 315, 340000),
(436, 7, 4012, 57, 490000),
(437, 3, 3015, 277, 270000),
(438, 10, 4001, 224, 1000000),
(439, 1, 2001, 308, 50000),
(440, 8, 2004, 135, 240000),
(441, 9, 4003, 264, 270000),
(442, 3, 1015, 8, 102000),
(443, 5, 3008, 160, 50000),
(444, 3, 3005, 104, 48000),
(445, 6, 3002, 66, 78000),
(446, 9, 2015, 219, 90000),
(447, 3, 3012, 253, 57000),
(448, 7, 2001, 357, 350000),
(449, 10, 4005, 48, 9000000),
(450, 9, 1001, 183, 180000),
(451, 7, 4002, 143, 245000),
(452, 1, 4014, 78, 50000),
(453, 4, 3003, 223, 64000),
(454, 2, 1002, 62, 26000),
(455, 7, 1002, 1, 91000),
(456, 1, 4003, 171, 30000),
(457, 5, 4010, 106, 400000),
(458, 5, 2013, 174, 100000),
(459, 9, 2015, 12, 90000),
(460, 8, 1001, 262, 160000),
(461, 10, 3015, 318, 900000),
(462, 7, 3010, 327, 133000),
(463, 9, 2003, 200, 270000),
(464, 10, 1002, 253, 130000),
(465, 2, 4011, 88, 60000),
(466, 4, 3004, 317, 28000),
(467, 3, 1011, 16, 42000),
(468, 8, 1013, 250, 392000),
(469, 9, 4006, 277, 1440000),
(470, 4, 1010, 346, 28000),
(471, 7, 3014, 347, 630000),
(472, 4, 2003, 297, 120000),
(473, 6, 1009, 206, 144000),
(474, 8, 4011, 186, 240000),
(475, 10, 2007, 212, 100000),
(476, 4, 2005, 9, 160000),
(477, 2, 4005, 142, 1800000),
(478, 5, 3014, 53, 450000),
(479, 2, 1003, 348, 16000),
(480, 9, 4010, 277, 720000),
(481, 1, 4001, 104, 100000),
(482, 7, 2008, 273, 105000),
(483, 3, 1012, 143, 72000),
(484, 9, 2003, 141, 270000),
(485, 4, 2002, 308, 40000),
(486, 3, 4002, 64, 105000),
(487, 10, 3002, 126, 130000),
(488, 6, 2005, 204, 240000),
(489, 7, 1010, 334, 49000),
(490, 9, 4014, 302, 450000),
(491, 8, 2006, 306, 160000),
(492, 3, 4011, 158, 90000),
(493, 7, 2015, 131, 70000),
(494, 5, 3007, 312, 80000),
(495, 3, 4011, 309, 90000),
(496, 1, 3001, 278, 15000),
(497, 9, 2007, 1, 90000),
(498, 2, 3013, 317, 140000),
(499, 9, 3015, 290, 810000),
(500, 6, 2012, 23, 60000),
(501, 1, 2013, 315, 20000),
(502, 10, 1010, 222, 70000),
(503, 7, 3011, 271, 595000),
(504, 2, 3009, 317, 32000),
(505, 1, 1001, 308, 20000),
(506, 4, 4007, 127, 40000),
(507, 7, 2009, 303, 280000),
(508, 1, 4003, 212, 30000),
(509, 6, 4011, 210, 180000),
(510, 5, 3006, 9, 125000),
(511, 4, 1007, 147, 72000),
(512, 2, 4008, 302, 80000),
(513, 4, 2014, 11, 80000),
(514, 1, 4002, 180, 35000),
(515, 2, 3011, 303, 170000),
(516, 2, 3005, 253, 32000),
(517, 6, 2004, 288, 180000),
(518, 6, 3009, 301, 96000),
(519, 8, 4010, 96, 640000),
(520, 9, 2014, 50, 180000),
(521, 10, 3010, 193, 190000),
(522, 3, 3001, 353, 45000),
(523, 1, 2008, 27, 15000),
(524, 6, 1003, 171, 48000),
(525, 4, 3007, 127, 64000),
(526, 9, 2011, 9, 270000),
(527, 5, 3008, 193, 50000),
(528, 4, 2001, 178, 200000),
(529, 8, 2003, 182, 240000),
(530, 9, 2010, 248, 360000),
(531, 4, 1011, 258, 56000),
(532, 9, 3010, 190, 171000),
(533, 9, 3003, 314, 144000),
(534, 3, 2003, 337, 90000),
(535, 4, 4008, 158, 160000),
(536, 8, 3007, 20, 128000),
(537, 9, 3001, 188, 135000),
(538, 4, 1004, 107, 20000),
(539, 1, 4010, 38, 80000),
(540, 2, 3006, 43, 50000),
(541, 7, 2010, 157, 280000),
(542, 7, 2014, 189, 140000),
(543, 6, 1012, 172, 144000),
(544, 2, 4006, 308, 320000),
(545, 1, 4011, 24, 30000),
(546, 5, 4008, 246, 200000),
(547, 4, 3006, 266, 100000),
(548, 3, 3013, 195, 210000),
(549, 5, 1010, 138, 35000),
(550, 2, 3010, 359, 38000),
(551, 9, 3014, 135, 810000),
(552, 5, 1001, 124, 100000),
(553, 10, 4004, 271, 1500000),
(554, 7, 4003, 192, 210000),
(555, 5, 1014, 296, 170000),
(556, 3, 1009, 197, 72000),
(557, 4, 4007, 35, 40000),
(558, 10, 2013, 25, 200000),
(559, 4, 4014, 105, 200000),
(560, 5, 4002, 14, 175000),
(561, 7, 2010, 222, 280000),
(562, 3, 4005, 258, 2700000),
(563, 5, 1015, 263, 170000),
(564, 5, 2010, 125, 200000),
(565, 7, 4015, 179, 280000),
(566, 3, 2004, 264, 90000),
(567, 1, 4003, 232, 30000),
(568, 5, 1014, 257, 170000),
(569, 7, 2004, 316, 210000),
(570, 1, 2005, 67, 40000),
(571, 9, 1011, 179, 126000),
(572, 8, 3010, 55, 152000),
(573, 9, 4006, 255, 1440000),
(574, 9, 3010, 85, 171000),
(575, 5, 1014, 289, 170000),
(576, 9, 1003, 198, 72000),
(577, 5, 3008, 172, 50000),
(578, 7, 2005, 46, 280000),
(579, 8, 1009, 108, 192000),
(580, 5, 2014, 170, 100000),
(581, 4, 1005, 67, 32000),
(582, 7, 2001, 125, 350000),
(583, 7, 3014, 56, 630000),
(584, 5, 1008, 305, 75000),
(585, 4, 3009, 35, 64000),
(586, 9, 3013, 82, 630000),
(587, 6, 3004, 193, 42000),
(588, 2, 4004, 13, 300000),
(589, 6, 2003, 54, 180000),
(590, 10, 3005, 152, 160000),
(591, 3, 3001, 232, 45000),
(592, 9, 3009, 300, 144000),
(593, 6, 2013, 58, 120000),
(594, 6, 3004, 339, 42000),
(595, 7, 4009, 36, 140000),
(596, 1, 3009, 13, 16000),
(597, 6, 1010, 49, 42000),
(598, 2, 4013, 248, 120000),
(599, 10, 4006, 122, 1600000),
(600, 3, 2009, 244, 120000),
(601, 4, 2003, 118, 120000),
(602, 3, 4014, 114, 150000),
(603, 5, 3009, 194, 80000),
(604, 8, 1013, 3, 392000),
(605, 4, 3001, 122, 60000),
(606, 8, 3008, 281, 80000),
(607, 1, 3005, 2, 16000),
(608, 6, 4009, 141, 120000),
(609, 8, 1006, 117, 64000),
(610, 6, 2008, 43, 90000),
(611, 3, 2009, 109, 120000),
(612, 6, 2013, 342, 120000),
(613, 7, 3012, 264, 133000),
(614, 10, 3006, 310, 250000),
(615, 5, 3012, 331, 95000),
(616, 1, 1009, 161, 24000),
(617, 9, 2013, 218, 180000),
(618, 1, 3006, 107, 25000),
(619, 6, 3009, 232, 96000),
(620, 10, 4012, 87, 700000),
(621, 5, 2011, 62, 150000),
(622, 7, 1009, 104, 168000),
(623, 6, 4011, 183, 180000),
(624, 7, 1009, 38, 168000),
(625, 8, 2002, 216, 80000),
(626, 9, 4009, 331, 180000),
(627, 9, 3006, 13, 225000),
(628, 3, 2015, 209, 30000),
(629, 3, 4005, 231, 2700000),
(630, 6, 4007, 185, 60000),
(631, 7, 1006, 136, 56000),
(632, 2, 3004, 112, 14000),
(633, 2, 2006, 354, 40000),
(634, 4, 2005, 87, 160000),
(635, 8, 2003, 311, 240000),
(636, 4, 1009, 130, 96000),
(637, 3, 2011, 311, 90000),
(638, 10, 1001, 236, 200000),
(639, 5, 1005, 275, 40000),
(640, 6, 4001, 65, 600000),
(641, 1, 2001, 206, 50000),
(642, 10, 2012, 56, 100000),
(643, 9, 2007, 134, 90000),
(644, 6, 2005, 92, 240000),
(645, 5, 2001, 137, 250000),
(646, 8, 1012, 263, 192000),
(647, 9, 3004, 298, 63000),
(648, 6, 2007, 224, 60000),
(649, 1, 2006, 84, 20000),
(650, 10, 4006, 208, 1600000),
(651, 3, 2013, 157, 60000),
(652, 10, 1009, 228, 240000),
(653, 2, 2001, 110, 100000),
(654, 1, 2011, 164, 30000),
(655, 7, 2010, 312, 280000),
(656, 7, 4012, 126, 490000),
(657, 8, 1005, 294, 64000),
(658, 4, 3009, 235, 64000),
(659, 7, 1013, 43, 343000),
(660, 10, 1001, 128, 200000),
(661, 7, 3002, 209, 91000),
(662, 6, 1003, 99, 48000),
(663, 8, 1003, 32, 64000),
(664, 1, 3005, 171, 16000),
(665, 7, 1010, 286, 49000),
(666, 3, 1008, 89, 45000),
(667, 7, 2015, 29, 70000),
(668, 8, 2014, 243, 160000),
(669, 3, 2002, 176, 30000),
(670, 10, 1001, 226, 200000),
(671, 5, 4012, 250, 350000),
(672, 6, 2003, 349, 180000),
(673, 5, 4001, 333, 500000),
(674, 9, 3011, 217, 765000),
(675, 9, 4002, 330, 315000),
(676, 3, 4004, 98, 450000),
(677, 3, 4015, 192, 120000),
(678, 4, 4001, 348, 400000),
(679, 8, 3012, 46, 152000),
(680, 9, 1005, 114, 72000),
(681, 6, 2014, 135, 120000),
(682, 7, 3008, 13, 70000),
(683, 5, 1013, 297, 245000),
(684, 7, 3007, 96, 112000),
(685, 8, 2002, 333, 80000),
(686, 6, 4006, 314, 960000),
(687, 10, 4012, 264, 700000),
(688, 8, 3002, 345, 104000),
(689, 2, 3004, 103, 14000),
(690, 9, 2005, 18, 360000),
(691, 4, 2013, 202, 80000),
(692, 9, 4011, 228, 270000),
(693, 4, 4009, 358, 80000),
(694, 9, 2009, 142, 360000),
(695, 5, 1003, 123, 40000),
(696, 10, 1001, 282, 200000),
(697, 7, 4007, 275, 70000),
(698, 6, 1005, 46, 48000),
(699, 4, 2006, 208, 80000),
(700, 1, 3004, 245, 7000),
(701, 2, 2004, 356, 60000),
(702, 1, 3005, 266, 16000),
(703, 5, 2014, 248, 100000),
(704, 10, 1013, 317, 490000),
(705, 3, 2014, 253, 60000),
(706, 5, 2013, 118, 100000),
(707, 7, 1015, 174, 238000),
(708, 10, 4009, 175, 200000),
(709, 3, 4002, 240, 105000),
(710, 4, 1009, 153, 96000),
(711, 2, 4009, 297, 40000),
(712, 1, 3012, 140, 19000),
(713, 7, 1010, 169, 49000),
(714, 1, 2012, 91, 10000),
(715, 4, 2015, 274, 40000),
(716, 2, 4011, 223, 60000),
(717, 9, 4007, 92, 90000),
(718, 5, 1006, 113, 40000),
(719, 7, 4015, 19, 280000),
(720, 2, 1011, 208, 28000),
(721, 2, 2005, 134, 80000),
(722, 8, 2008, 334, 120000),
(723, 2, 4001, 246, 200000),
(724, 4, 1008, 350, 60000),
(725, 10, 2005, 81, 400000),
(726, 7, 1007, 86, 126000),
(727, 8, 1007, 32, 144000),
(728, 5, 3001, 314, 75000),
(729, 6, 2012, 86, 60000),
(730, 9, 4015, 282, 360000),
(731, 1, 2014, 250, 20000),
(732, 6, 4006, 123, 960000),
(733, 3, 3010, 252, 57000),
(734, 7, 2007, 13, 70000),
(735, 2, 2012, 120, 20000),
(736, 6, 2013, 219, 120000),
(737, 3, 2013, 12, 60000),
(738, 5, 1015, 128, 170000),
(739, 3, 2010, 37, 120000),
(740, 5, 4010, 18, 400000),
(741, 8, 3011, 265, 680000),
(742, 1, 4007, 252, 10000),
(743, 6, 4007, 82, 60000),
(744, 3, 4009, 159, 60000),
(745, 2, 4002, 1, 70000),
(746, 7, 4014, 285, 350000),
(747, 5, 3005, 127, 80000),
(748, 1, 1002, 198, 13000),
(749, 5, 2009, 308, 200000),
(750, 6, 2008, 297, 90000),
(751, 9, 1012, 42, 216000),
(752, 6, 4015, 8, 240000),
(753, 10, 1011, 240, 140000),
(754, 8, 4002, 168, 280000),
(755, 10, 3006, 343, 250000),
(756, 8, 2010, 94, 320000),
(757, 2, 4001, 212, 200000),
(758, 7, 2014, 105, 140000),
(759, 7, 1009, 71, 168000),
(760, 3, 4011, 183, 90000),
(761, 1, 2012, 117, 10000),
(762, 2, 1005, 258, 16000),
(763, 2, 2015, 244, 20000),
(764, 5, 3007, 58, 80000),
(765, 10, 1012, 91, 240000),
(766, 7, 1001, 353, 140000),
(767, 1, 1008, 257, 15000),
(768, 3, 3003, 235, 48000),
(769, 1, 3013, 291, 70000),
(770, 3, 4014, 320, 150000),
(771, 4, 3015, 359, 360000),
(772, 1, 1013, 204, 49000),
(773, 3, 4008, 76, 120000),
(774, 10, 3009, 241, 160000),
(775, 8, 2001, 36, 400000),
(776, 5, 2006, 100, 100000),
(777, 8, 3009, 109, 128000),
(778, 10, 2011, 348, 300000),
(779, 4, 3010, 310, 76000),
(780, 6, 2012, 119, 60000),
(781, 5, 4004, 286, 750000),
(782, 6, 3010, 75, 114000),
(783, 10, 4010, 270, 800000),
(784, 4, 4008, 159, 160000),
(785, 7, 2001, 224, 350000),
(786, 6, 3003, 326, 96000),
(787, 3, 2010, 227, 120000),
(788, 3, 3014, 252, 270000),
(789, 8, 1001, 293, 160000),
(790, 10, 2005, 55, 400000),
(791, 6, 1015, 151, 204000),
(792, 6, 3010, 85, 114000),
(793, 10, 2003, 183, 300000),
(794, 9, 3011, 211, 765000),
(795, 1, 2011, 171, 30000),
(796, 6, 3002, 177, 78000),
(797, 3, 2014, 149, 60000),
(798, 7, 3015, 58, 630000),
(799, 2, 4009, 30, 40000),
(800, 6, 3012, 44, 114000),
(801, 3, 4008, 291, 120000),
(802, 3, 1009, 10, 72000),
(803, 2, 1012, 325, 48000),
(804, 3, 4007, 164, 30000),
(805, 7, 3003, 131, 112000),
(806, 3, 2013, 11, 60000),
(807, 1, 1008, 57, 15000),
(808, 9, 2003, 251, 270000),
(809, 9, 2006, 266, 180000),
(810, 6, 2010, 248, 240000),
(811, 9, 1001, 65, 180000),
(812, 7, 3002, 124, 91000),
(813, 3, 4005, 84, 2700000),
(814, 8, 4015, 78, 320000),
(815, 3, 4003, 153, 90000),
(816, 4, 4002, 206, 140000),
(817, 8, 1008, 90, 120000),
(818, 10, 3012, 116, 190000),
(819, 5, 2014, 254, 100000),
(820, 2, 2006, 281, 40000),
(821, 5, 4003, 75, 150000),
(822, 2, 3010, 333, 38000),
(823, 8, 1009, 35, 192000),
(824, 7, 1003, 283, 56000),
(825, 7, 4011, 164, 210000),
(826, 3, 4011, 240, 90000),
(827, 6, 4002, 7, 210000),
(828, 8, 2011, 305, 240000),
(829, 3, 4007, 214, 30000),
(830, 10, 3007, 328, 160000),
(831, 3, 2013, 7, 60000),
(832, 6, 3004, 126, 42000),
(833, 6, 2003, 299, 180000),
(834, 4, 2015, 42, 40000),
(835, 1, 3011, 26, 85000),
(836, 9, 4015, 188, 360000),
(837, 9, 1015, 303, 306000),
(838, 5, 4013, 289, 300000),
(839, 4, 1005, 59, 32000),
(840, 6, 4006, 171, 960000),
(841, 7, 1014, 270, 238000),
(842, 1, 3015, 12, 90000),
(843, 4, 2007, 162, 40000),
(844, 1, 1009, 145, 24000),
(845, 4, 1013, 191, 196000),
(846, 5, 3007, 6, 80000),
(847, 8, 4011, 221, 240000),
(848, 2, 3009, 257, 32000),
(849, 4, 3010, 99, 76000),
(850, 8, 3010, 269, 152000),
(851, 8, 3014, 268, 720000),
(852, 3, 3009, 27, 48000),
(853, 4, 3009, 201, 64000),
(854, 3, 4009, 34, 60000),
(855, 9, 2011, 214, 270000),
(856, 10, 3009, 203, 160000),
(857, 8, 3012, 150, 152000),
(858, 1, 4007, 100, 10000),
(859, 3, 4007, 227, 30000),
(860, 4, 3001, 358, 60000),
(861, 8, 1012, 193, 192000),
(862, 3, 4011, 80, 90000),
(863, 3, 4009, 224, 60000),
(864, 1, 1007, 184, 18000),
(865, 5, 4015, 216, 200000),
(866, 5, 4009, 70, 100000),
(867, 1, 3010, 91, 19000),
(868, 8, 3008, 192, 80000),
(869, 10, 2006, 244, 200000),
(870, 3, 3011, 141, 255000),
(871, 2, 1013, 85, 98000),
(872, 5, 2003, 169, 150000),
(873, 8, 4005, 301, 7200000),
(874, 10, 4003, 141, 300000),
(875, 8, 2005, 232, 320000),
(876, 5, 3004, 329, 35000),
(877, 10, 1009, 190, 240000),
(878, 9, 1012, 139, 216000),
(879, 1, 1011, 306, 14000),
(880, 3, 1009, 340, 72000),
(881, 6, 1011, 30, 84000),
(882, 10, 4003, 143, 300000),
(883, 4, 3002, 256, 52000),
(884, 5, 3002, 347, 65000),
(885, 9, 2007, 270, 90000),
(886, 6, 4010, 335, 480000),
(887, 9, 1004, 66, 45000),
(888, 7, 4001, 331, 700000),
(889, 10, 4012, 348, 700000),
(890, 6, 2007, 318, 60000),
(891, 4, 3002, 85, 52000),
(892, 7, 1005, 141, 56000),
(893, 5, 3008, 42, 50000),
(894, 1, 1014, 195, 34000),
(895, 1, 2008, 315, 15000),
(896, 6, 4010, 41, 480000),
(897, 1, 4002, 333, 35000),
(898, 7, 2011, 104, 210000),
(899, 6, 1010, 348, 42000),
(900, 2, 3004, 123, 14000),
(901, 1, 1004, 279, 5000),
(902, 1, 1007, 218, 18000),
(903, 4, 3013, 350, 280000),
(904, 9, 2003, 288, 270000),
(905, 2, 1010, 237, 14000),
(906, 8, 1002, 222, 104000),
(907, 8, 4003, 254, 240000),
(908, 9, 1014, 154, 306000),
(909, 4, 3004, 171, 28000),
(910, 3, 2003, 314, 90000),
(911, 7, 1007, 353, 126000),
(912, 1, 3014, 169, 90000),
(913, 2, 4006, 346, 320000),
(914, 1, 3002, 9, 13000),
(915, 3, 4001, 5, 300000),
(916, 9, 4009, 54, 180000),
(917, 2, 2001, 23, 100000),
(918, 4, 3005, 338, 64000),
(919, 7, 2013, 310, 140000),
(920, 1, 1005, 146, 8000),
(921, 9, 1005, 53, 72000),
(922, 10, 1001, 332, 200000),
(923, 4, 2004, 59, 120000),
(924, 4, 3002, 97, 52000),
(925, 5, 4006, 84, 800000),
(926, 6, 4003, 343, 180000),
(927, 6, 1011, 32, 84000),
(928, 9, 4006, 284, 1440000),
(929, 6, 3001, 88, 90000),
(930, 7, 1004, 308, 35000),
(931, 3, 4009, 172, 60000),
(932, 6, 3012, 151, 114000),
(933, 6, 1001, 294, 120000),
(934, 7, 2004, 329, 210000),
(935, 3, 4004, 194, 450000),
(936, 7, 1011, 74, 98000),
(937, 8, 4014, 86, 400000),
(938, 4, 1003, 219, 32000),
(939, 3, 1015, 89, 102000),
(940, 3, 2010, 153, 120000),
(941, 4, 3003, 168, 64000),
(942, 1, 1001, 125, 20000),
(943, 9, 3012, 360, 171000),
(944, 10, 3005, 252, 160000),
(945, 8, 4009, 190, 160000),
(946, 10, 1005, 321, 80000),
(947, 9, 4005, 298, 8100000),
(948, 5, 2012, 132, 50000),
(949, 6, 4010, 72, 480000),
(950, 6, 3010, 314, 114000),
(951, 6, 3006, 38, 150000),
(952, 4, 4015, 131, 160000),
(953, 6, 2013, 331, 120000),
(954, 2, 1006, 166, 16000),
(955, 6, 4006, 245, 960000),
(956, 1, 4010, 16, 80000),
(957, 3, 2011, 55, 90000),
(958, 7, 1011, 2, 98000),
(959, 9, 2004, 78, 270000),
(960, 9, 4004, 313, 1350000),
(961, 10, 4010, 359, 800000),
(962, 2, 3007, 297, 32000),
(963, 6, 4007, 353, 60000),
(964, 6, 4009, 213, 120000),
(965, 4, 1003, 11, 32000),
(966, 10, 2006, 164, 200000),
(967, 10, 4001, 240, 1000000),
(968, 7, 3010, 276, 133000),
(969, 1, 1003, 286, 8000),
(970, 3, 2001, 181, 150000),
(971, 6, 4013, 327, 360000),
(972, 1, 3012, 52, 19000),
(973, 2, 3004, 122, 14000),
(974, 1, 3010, 249, 19000),
(975, 5, 3009, 294, 80000),
(976, 3, 4001, 293, 300000),
(977, 8, 2009, 102, 320000),
(978, 9, 2014, 339, 180000),
(979, 9, 3002, 359, 117000),
(980, 6, 4004, 185, 900000),
(981, 4, 2005, 298, 160000),
(982, 3, 1003, 310, 24000),
(983, 1, 4003, 298, 30000),
(984, 3, 1008, 34, 45000),
(985, 2, 1007, 175, 36000),
(986, 9, 1002, 131, 117000),
(987, 3, 3001, 130, 45000),
(988, 3, 3002, 201, 39000),
(989, 2, 4010, 310, 160000),
(990, 10, 1015, 100, 340000),
(991, 9, 2014, 232, 180000),
(992, 2, 1011, 316, 28000),
(993, 10, 4009, 343, 200000),
(994, 8, 3014, 11, 720000),
(995, 5, 2012, 102, 50000),
(996, 8, 3001, 43, 120000),
(997, 3, 2015, 286, 30000),
(998, 6, 2015, 262, 60000),
(999, 9, 4013, 83, 540000),
(1000, 6, 4013, 141, 360000),
(1001, 8, 4013, 119, 480000),
(1002, 6, 1011, 200, 84000),
(1003, 2, 3008, 255, 20000),
(1004, 7, 3014, 61, 630000),
(1005, 3, 1002, 90, 39000),
(1006, 4, 4011, 205, 120000),
(1007, 3, 1007, 333, 54000),
(1008, 1, 3010, 138, 19000),
(1009, 5, 3006, 3, 125000),
(1010, 4, 4005, 118, 3600000),
(1011, 10, 2012, 108, 100000),
(1012, 5, 3013, 35, 350000),
(1013, 6, 4008, 158, 240000),
(1014, 1, 4007, 177, 10000),
(1015, 3, 3014, 70, 270000),
(1016, 3, 2004, 34, 90000),
(1017, 1, 3003, 253, 16000),
(1018, 5, 3008, 293, 50000),
(1019, 6, 1006, 67, 48000),
(1020, 2, 2014, 281, 40000),
(1021, 7, 2015, 52, 70000),
(1022, 4, 2015, 19, 40000),
(1023, 5, 2001, 111, 250000),
(1024, 2, 3003, 222, 32000),
(1025, 2, 4006, 63, 320000),
(1026, 8, 3009, 140, 128000),
(1027, 2, 1015, 20, 68000),
(1028, 2, 2009, 230, 80000),
(1029, 5, 4003, 33, 150000),
(1030, 2, 1015, 314, 68000),
(1031, 5, 3011, 154, 425000),
(1032, 8, 2002, 12, 80000),
(1033, 2, 2002, 237, 20000),
(1034, 9, 2003, 20, 270000),
(1035, 2, 3001, 288, 30000),
(1036, 8, 2002, 285, 80000),
(1037, 10, 3007, 274, 160000),
(1038, 10, 3004, 105, 70000),
(1039, 7, 4010, 232, 560000),
(1040, 2, 4013, 206, 120000),
(1041, 1, 4014, 106, 50000),
(1042, 1, 2010, 3, 40000),
(1043, 4, 3014, 32, 360000),
(1044, 7, 3006, 134, 175000),
(1045, 7, 3001, 118, 105000),
(1046, 5, 4009, 286, 100000),
(1047, 4, 1001, 262, 80000),
(1048, 4, 2008, 198, 60000),
(1049, 2, 4010, 269, 160000),
(1050, 5, 4015, 174, 200000),
(1051, 1, 3005, 147, 16000),
(1052, 6, 2001, 61, 300000),
(1053, 1, 4002, 166, 35000),
(1054, 5, 1008, 182, 75000),
(1055, 9, 1003, 325, 72000),
(1056, 6, 4005, 257, 5400000),
(1057, 1, 1001, 221, 20000),
(1058, 4, 3009, 333, 64000),
(1059, 6, 2009, 291, 240000),
(1060, 2, 3004, 18, 14000),
(1061, 1, 1014, 240, 34000),
(1062, 9, 3005, 32, 144000),
(1063, 9, 1014, 161, 306000),
(1064, 6, 2015, 263, 60000),
(1065, 1, 4006, 123, 160000),
(1066, 9, 3012, 201, 171000),
(1067, 4, 2007, 212, 40000),
(1068, 9, 1004, 123, 45000),
(1069, 8, 4001, 154, 800000),
(1070, 8, 2008, 278, 120000),
(1071, 3, 1008, 178, 45000),
(1072, 3, 2004, 51, 90000),
(1073, 4, 3005, 242, 64000),
(1074, 6, 1004, 70, 30000),
(1075, 7, 3009, 184, 112000),
(1076, 8, 1001, 275, 160000),
(1077, 10, 1009, 84, 240000),
(1078, 10, 2015, 304, 100000),
(1079, 5, 4010, 33, 400000),
(1080, 9, 3015, 154, 810000),
(1081, 2, 3010, 46, 38000),
(1082, 1, 3012, 186, 19000),
(1083, 4, 2010, 52, 160000),
(1084, 6, 2006, 85, 120000),
(1085, 1, 2011, 117, 30000),
(1086, 2, 4013, 194, 120000),
(1087, 4, 4006, 155, 640000),
(1088, 7, 1008, 321, 105000),
(1089, 9, 2004, 303, 270000),
(1090, 8, 1003, 97, 64000),
(1091, 5, 3005, 233, 80000),
(1092, 2, 3001, 123, 30000),
(1093, 10, 2014, 22, 200000),
(1094, 6, 2014, 161, 120000),
(1095, 4, 3013, 185, 280000),
(1096, 1, 3002, 79, 13000),
(1097, 4, 4006, 97, 640000),
(1098, 7, 3002, 92, 91000),
(1099, 8, 2007, 35, 80000),
(1100, 7, 4008, 124, 280000),
(1101, 6, 4014, 39, 300000),
(1102, 1, 4002, 62, 35000),
(1103, 10, 2012, 302, 100000),
(1104, 10, 3009, 334, 160000),
(1105, 4, 3011, 159, 340000),
(1106, 8, 3011, 304, 680000),
(1107, 6, 3012, 67, 114000),
(1108, 1, 3013, 134, 70000),
(1109, 3, 2012, 182, 30000),
(1110, 5, 3007, 25, 80000),
(1111, 3, 4005, 195, 2700000),
(1112, 1, 4009, 284, 20000),
(1113, 6, 1014, 249, 204000),
(1114, 3, 1006, 219, 24000),
(1115, 7, 1012, 355, 168000),
(1116, 6, 1003, 106, 48000),
(1117, 2, 4015, 347, 80000),
(1118, 4, 2002, 56, 40000),
(1119, 6, 1013, 260, 294000),
(1120, 8, 4006, 95, 1280000),
(1121, 9, 1002, 284, 117000),
(1122, 8, 2003, 84, 240000),
(1123, 4, 1007, 356, 72000),
(1124, 10, 2009, 46, 400000),
(1125, 1, 3004, 211, 7000),
(1126, 7, 3006, 73, 175000),
(1127, 6, 3007, 17, 96000),
(1128, 8, 4010, 45, 640000),
(1129, 2, 3005, 16, 32000),
(1130, 9, 4011, 307, 270000),
(1131, 10, 4003, 338, 300000),
(1132, 8, 1015, 176, 272000),
(1133, 4, 2013, 226, 80000),
(1134, 8, 4010, 48, 640000),
(1135, 8, 2003, 120, 240000),
(1136, 6, 2001, 197, 300000),
(1137, 7, 1015, 183, 238000),
(1138, 7, 1006, 246, 56000),
(1139, 1, 2003, 288, 30000),
(1140, 4, 1014, 307, 136000),
(1141, 5, 2006, 267, 100000),
(1142, 8, 1003, 225, 64000),
(1143, 6, 1001, 28, 120000),
(1144, 10, 3008, 58, 100000),
(1145, 1, 1001, 46, 20000),
(1146, 8, 4010, 180, 640000),
(1147, 9, 2007, 307, 90000),
(1148, 7, 4008, 76, 280000),
(1149, 4, 3009, 139, 64000),
(1150, 1, 2010, 17, 40000),
(1151, 7, 1006, 43, 56000),
(1152, 9, 4007, 29, 90000),
(1153, 4, 3001, 243, 60000),
(1154, 10, 2004, 171, 300000),
(1155, 5, 3010, 144, 95000),
(1156, 7, 1005, 237, 56000),
(1157, 10, 1012, 251, 240000),
(1158, 2, 3013, 20, 140000),
(1159, 8, 2001, 100, 400000),
(1160, 7, 4003, 209, 210000),
(1161, 10, 1005, 264, 80000),
(1162, 1, 1004, 259, 5000),
(1163, 4, 4001, 305, 400000),
(1164, 6, 3010, 225, 114000),
(1165, 6, 2001, 293, 300000),
(1166, 10, 4007, 240, 100000),
(1167, 3, 3005, 40, 48000),
(1168, 10, 2010, 130, 400000),
(1169, 9, 4011, 287, 270000),
(1170, 8, 3014, 195, 720000),
(1171, 3, 4013, 100, 180000),
(1172, 5, 2009, 147, 200000),
(1173, 4, 2007, 219, 40000),
(1174, 2, 2014, 236, 40000),
(1175, 10, 3006, 149, 250000),
(1176, 10, 1013, 202, 490000),
(1177, 8, 4006, 114, 1280000),
(1178, 7, 2008, 49, 105000),
(1179, 7, 1010, 43, 49000),
(1180, 6, 3013, 300, 420000),
(1181, 3, 1007, 111, 54000),
(1182, 8, 4008, 241, 320000),
(1183, 2, 2011, 30, 60000),
(1184, 2, 4007, 125, 20000),
(1185, 8, 1013, 88, 392000),
(1186, 8, 2004, 13, 240000),
(1187, 3, 4006, 279, 480000),
(1188, 4, 3004, 181, 28000),
(1189, 9, 2002, 274, 90000),
(1190, 5, 3002, 165, 65000),
(1191, 1, 3001, 240, 15000),
(1192, 6, 2004, 306, 180000),
(1193, 8, 2010, 237, 320000),
(1194, 4, 2011, 17, 120000),
(1195, 4, 1005, 164, 32000),
(1196, 1, 2007, 102, 10000),
(1197, 6, 1012, 196, 144000),
(1198, 10, 1011, 192, 140000),
(1199, 9, 3001, 301, 135000),
(1200, 10, 2011, 295, 300000),
(1201, 8, 1010, 207, 56000),
(1202, 5, 4012, 123, 350000),
(1203, 5, 1008, 270, 75000),
(1204, 9, 1010, 12, 63000),
(1205, 8, 3004, 133, 56000),
(1206, 2, 4001, 257, 200000),
(1207, 6, 1011, 309, 84000),
(1208, 6, 2014, 173, 120000),
(1209, 8, 2006, 349, 160000),
(1210, 3, 1005, 167, 24000),
(1211, 10, 3005, 223, 160000),
(1212, 7, 1015, 216, 238000),
(1213, 1, 4015, 292, 40000),
(1214, 10, 3002, 228, 130000),
(1215, 6, 2014, 55, 120000),
(1216, 6, 4002, 249, 210000),
(1217, 9, 1009, 112, 216000),
(1218, 6, 4007, 329, 60000),
(1219, 7, 4001, 243, 700000),
(1220, 9, 3010, 111, 171000),
(1221, 6, 3011, 49, 510000),
(1222, 2, 2004, 187, 60000),
(1223, 8, 2008, 337, 120000),
(1224, 8, 2005, 70, 320000),
(1225, 2, 4009, 184, 40000),
(1226, 1, 3014, 124, 90000),
(1227, 6, 2001, 358, 300000),
(1228, 1, 4001, 134, 100000),
(1229, 9, 1006, 269, 72000),
(1230, 10, 3013, 292, 700000),
(1231, 10, 3010, 201, 190000),
(1232, 1, 3002, 197, 13000),
(1233, 6, 2007, 207, 60000),
(1234, 2, 1006, 212, 16000),
(1235, 8, 2014, 213, 160000),
(1236, 4, 2009, 312, 160000),
(1237, 5, 1003, 283, 40000),
(1238, 2, 4007, 158, 20000),
(1239, 6, 1009, 189, 144000),
(1240, 6, 1014, 265, 204000),
(1241, 7, 2005, 224, 280000),
(1242, 3, 3015, 114, 270000),
(1243, 10, 3014, 228, 900000),
(1244, 10, 4012, 183, 700000),
(1245, 2, 4006, 214, 320000),
(1246, 3, 3009, 182, 48000),
(1247, 4, 4008, 73, 160000),
(1248, 7, 2011, 51, 210000),
(1249, 5, 4008, 334, 200000),
(1250, 2, 4010, 144, 160000),
(1251, 4, 1008, 291, 60000),
(1252, 8, 1013, 85, 392000),
(1253, 7, 3002, 159, 91000),
(1254, 10, 3014, 125, 900000),
(1255, 3, 2007, 85, 30000),
(1256, 8, 3005, 246, 128000),
(1257, 6, 3006, 159, 150000),
(1258, 9, 1002, 94, 117000),
(1259, 10, 1001, 242, 200000),
(1260, 9, 4005, 176, 8100000),
(1261, 10, 3012, 31, 190000),
(1262, 7, 3004, 76, 49000),
(1263, 6, 2008, 52, 90000),
(1264, 4, 4008, 220, 160000),
(1265, 8, 4015, 106, 320000),
(1266, 1, 4014, 338, 50000),
(1267, 3, 3004, 275, 21000),
(1268, 9, 2013, 250, 180000),
(1269, 3, 3014, 40, 270000),
(1270, 6, 3011, 339, 510000),
(1271, 3, 3015, 288, 270000),
(1272, 8, 3011, 160, 680000),
(1273, 6, 2001, 60, 300000),
(1274, 9, 2005, 330, 360000),
(1275, 10, 4009, 184, 200000),
(1276, 1, 4015, 82, 40000),
(1277, 10, 4013, 339, 600000),
(1278, 8, 1012, 114, 192000),
(1279, 2, 2012, 69, 20000),
(1280, 7, 1008, 228, 105000),
(1281, 5, 3014, 99, 450000),
(1282, 2, 2002, 221, 20000),
(1283, 8, 4004, 40, 1200000),
(1284, 7, 1002, 9, 91000),
(1285, 8, 1012, 46, 192000),
(1286, 3, 1009, 10, 72000),
(1287, 1, 3002, 324, 13000),
(1288, 6, 4001, 359, 600000),
(1289, 10, 4004, 132, 1500000),
(1290, 7, 1002, 323, 91000),
(1291, 8, 2015, 142, 80000),
(1292, 9, 1010, 70, 63000),
(1293, 6, 3013, 216, 420000),
(1294, 1, 1013, 225, 49000),
(1295, 2, 4010, 105, 160000),
(1296, 2, 3004, 286, 14000),
(1297, 10, 1013, 350, 490000),
(1298, 8, 3011, 235, 680000),
(1299, 10, 3010, 12, 190000),
(1300, 6, 4008, 216, 240000),
(1301, 6, 3006, 6, 150000),
(1302, 6, 1002, 256, 78000),
(1303, 8, 4013, 146, 480000),
(1304, 2, 1006, 258, 16000),
(1305, 4, 4010, 210, 320000),
(1306, 7, 1001, 141, 140000),
(1307, 2, 1006, 43, 16000),
(1308, 1, 2007, 311, 10000),
(1309, 10, 2002, 74, 100000),
(1310, 8, 3002, 73, 104000),
(1311, 7, 2005, 359, 280000),
(1312, 9, 2015, 39, 90000),
(1313, 3, 2012, 119, 30000),
(1314, 6, 3013, 26, 420000),
(1315, 10, 1008, 313, 150000),
(1316, 2, 4002, 276, 70000),
(1317, 5, 4013, 249, 300000),
(1318, 10, 4009, 272, 200000),
(1319, 4, 3003, 218, 64000),
(1320, 3, 4014, 183, 150000),
(1321, 4, 2015, 98, 40000),
(1322, 4, 2011, 176, 120000),
(1323, 7, 2008, 201, 105000),
(1324, 10, 1009, 298, 240000),
(1325, 8, 3005, 119, 128000),
(1326, 8, 3012, 229, 152000),
(1327, 2, 3006, 276, 50000),
(1328, 9, 3008, 171, 90000),
(1329, 3, 1006, 191, 24000),
(1330, 5, 2001, 110, 250000),
(1331, 8, 1003, 324, 64000),
(1332, 5, 4003, 59, 150000),
(1333, 2, 2010, 166, 80000),
(1334, 7, 3008, 114, 70000),
(1335, 5, 2013, 238, 100000),
(1336, 2, 2009, 216, 80000),
(1337, 2, 4011, 111, 60000),
(1338, 3, 3011, 131, 255000),
(1339, 6, 2006, 219, 120000),
(1340, 6, 2002, 129, 60000),
(1341, 5, 4013, 86, 300000),
(1342, 1, 1008, 208, 15000),
(1343, 9, 1006, 210, 72000),
(1344, 4, 4007, 14, 40000),
(1345, 5, 3005, 59, 80000),
(1346, 3, 3006, 53, 75000),
(1347, 1, 4011, 210, 30000),
(1348, 10, 4006, 331, 1600000),
(1349, 3, 2005, 278, 120000),
(1350, 6, 4002, 88, 210000),
(1351, 2, 4002, 136, 70000),
(1352, 10, 3008, 168, 100000),
(1353, 10, 1003, 83, 80000),
(1354, 1, 2015, 58, 10000),
(1355, 8, 4010, 250, 640000),
(1356, 4, 4003, 270, 120000),
(1357, 4, 4008, 219, 160000),
(1358, 7, 4004, 45, 1050000),
(1359, 2, 1010, 13, 14000),
(1360, 3, 3012, 193, 57000),
(1361, 2, 3008, 171, 20000),
(1362, 6, 4013, 38, 360000),
(1363, 7, 2007, 101, 70000),
(1364, 7, 1005, 164, 56000),
(1365, 10, 4009, 244, 200000),
(1366, 4, 4008, 301, 160000),
(1367, 2, 2003, 331, 60000),
(1368, 3, 3001, 62, 45000),
(1369, 1, 1015, 162, 34000),
(1370, 9, 4009, 312, 180000),
(1371, 1, 4005, 261, 900000),
(1372, 1, 3001, 274, 15000),
(1373, 4, 1013, 36, 196000),
(1374, 2, 1004, 347, 10000),
(1375, 2, 2011, 337, 60000),
(1376, 7, 4005, 199, 6300000),
(1377, 8, 2015, 86, 80000),
(1378, 6, 3002, 204, 78000),
(1379, 2, 3011, 137, 170000),
(1380, 1, 3002, 47, 13000),
(1381, 3, 3007, 86, 48000),
(1382, 3, 1003, 72, 24000),
(1383, 5, 3013, 141, 350000),
(1384, 8, 4010, 233, 640000),
(1385, 1, 3013, 111, 70000),
(1386, 3, 3013, 135, 210000),
(1387, 9, 3004, 348, 63000),
(1388, 1, 4001, 105, 100000),
(1389, 3, 2001, 6, 150000),
(1390, 8, 3011, 334, 680000),
(1391, 10, 4004, 131, 1500000),
(1392, 2, 3014, 318, 180000),
(1393, 2, 4008, 173, 80000),
(1394, 10, 4010, 164, 800000),
(1395, 10, 4012, 248, 700000),
(1396, 7, 4009, 177, 140000),
(1397, 9, 2007, 352, 90000),
(1398, 4, 1008, 61, 60000),
(1399, 9, 3014, 304, 810000),
(1400, 8, 4003, 149, 240000),
(1401, 3, 3001, 267, 45000),
(1402, 10, 4007, 12, 100000),
(1403, 8, 2004, 250, 240000),
(1404, 1, 1009, 169, 24000),
(1405, 6, 2015, 86, 60000),
(1406, 4, 1005, 312, 32000),
(1407, 10, 1011, 295, 140000),
(1408, 10, 2010, 332, 400000),
(1409, 3, 3002, 239, 39000),
(1410, 7, 2012, 5, 70000),
(1411, 8, 3011, 327, 680000),
(1412, 10, 1002, 114, 130000),
(1413, 6, 1002, 52, 78000),
(1414, 4, 4014, 52, 200000),
(1415, 8, 3008, 48, 80000),
(1416, 6, 3005, 347, 96000),
(1417, 1, 3014, 60, 90000),
(1418, 7, 4015, 270, 280000),
(1419, 3, 2006, 72, 60000),
(1420, 3, 2012, 124, 30000),
(1421, 2, 1002, 255, 26000),
(1422, 6, 1009, 75, 144000),
(1423, 4, 3011, 169, 340000),
(1424, 1, 4010, 20, 80000),
(1425, 3, 2001, 105, 150000),
(1426, 6, 1009, 272, 144000),
(1427, 8, 3013, 202, 560000),
(1428, 10, 1009, 29, 240000),
(1429, 9, 4012, 170, 630000),
(1430, 5, 4012, 190, 350000),
(1431, 5, 3010, 142, 95000),
(1432, 7, 3008, 184, 70000),
(1433, 10, 4014, 191, 500000),
(1434, 5, 2002, 8, 50000),
(1435, 2, 2008, 224, 30000),
(1436, 4, 2008, 315, 60000),
(1437, 2, 3008, 336, 20000),
(1438, 7, 1015, 278, 238000),
(1439, 10, 1015, 1, 340000),
(1440, 1, 4012, 120, 70000);

-- --------------------------------------------------------

--
-- Struktur dari tabel `gender`
--

CREATE TABLE `gender` (
  `id_gender` int(11) NOT NULL,
  `gender` varchar(10) NOT NULL
) ENGINE=InnoDB DEFAULT CHARSET=utf8mb4 COLLATE=utf8mb4_general_ci;

--
-- Dumping data untuk tabel `gender`
--

INSERT INTO `gender` (`id_gender`, `gender`) VALUES
(0, 'Perempuan'),
(1, 'Laki laki');

-- --------------------------------------------------------

--
-- Struktur dari tabel `jenis_produk`
--

CREATE TABLE `jenis_produk` (
  `id_jenis_produk` int(11) NOT NULL,
  `nama_jenis_produk` varchar(55) NOT NULL,
  `deskripsi` varchar(55) DEFAULT NULL
) ENGINE=InnoDB DEFAULT CHARSET=utf8mb4 COLLATE=utf8mb4_general_ci;

--
-- Dumping data untuk tabel `jenis_produk`
--

INSERT INTO `jenis_produk` (`id_jenis_produk`, `nama_jenis_produk`, `deskripsi`) VALUES
(1, 'Pupuk', ''),
(2, 'Benih', ''),
(3, 'Pestisida', ''),
(4, 'Alat Pertanian', '');

-- --------------------------------------------------------

--
-- Struktur dari tabel `karyawan`
--

CREATE TABLE `karyawan` (
  `id_karyawan` int(11) NOT NULL,
  `nama_karyawan` varchar(55) NOT NULL,
  `alamat` varchar(55) NOT NULL,
  `tgl_lahir` varchar(55) NOT NULL,
  `no_tlp` varchar(15) NOT NULL,
  `jabatan` varchar(55) NOT NULL,
  `gender_id_gender` int(11) NOT NULL
) ENGINE=InnoDB DEFAULT CHARSET=utf8mb4 COLLATE=utf8mb4_general_ci;

--
-- Dumping data untuk tabel `karyawan`
--

INSERT INTO `karyawan` (`id_karyawan`, `nama_karyawan`, `alamat`, `tgl_lahir`, `no_tlp`, `jabatan`, `gender_id_gender`) VALUES
(1, 'Yusuf Rahman', 'Pasarbatang', '27 Februari 1996', '85890043322', 'Kepala Toko', 1),
(2, 'Bima Wijaya', 'Limbangan', '28 Maret 1998', '85135899390', 'Pramuniaga', 1),
(3, 'Dani Prasetyo', 'Sigambir', '26 Mei 1997', '85677654000', 'Pramuniaga', 1),
(4, 'Ajeng Kartika', 'Gandasuli', '31 Mei 1999', '85893725345', 'Kasir', 0),
(5, 'Putri Nirmala', 'Saditan', '27 Desember 1999', '85793002912', 'Kasir', 0);

-- --------------------------------------------------------

--
-- Struktur dari tabel `produk`
--

CREATE TABLE `produk` (
  `id_produk` int(11) NOT NULL,
  `nama_produk` varchar(55) NOT NULL,
  `harga` varchar(55) DEFAULT NULL,
  `stok` int(10) NOT NULL,
  `jenis_produk_id_jenis_produk` int(11) NOT NULL
) ENGINE=InnoDB DEFAULT CHARSET=utf8mb4 COLLATE=utf8mb4_general_ci;

--
-- Dumping data untuk tabel `produk`
--

INSERT INTO `produk` (`id_produk`, `nama_produk`, `harga`, `stok`, `jenis_produk_id_jenis_produk`) VALUES
(1001, 'NPK Mutiara', 'Rp. 20.000', 50, 1),
(1002, 'NKM ACL', 'Rp. 13.000', 50, 1),
(1003, 'NPK AVATAR', 'Rp. 8.000', 60, 1),
(1004, 'Dolomit Super', 'Rp. 5.000', 90, 1),
(1005, 'UREA Petro', 'Rp. 8.000', 55, 1),
(1006, 'MKP Pak Tani', 'Rp. 8.000', 55, 1),
(1007, 'Manohara Pupuk Kalsium', 'Rp. 18.000', 50, 1),
(1008, 'NPK King Tonik', 'Rp. 15.000', 50, 1),
(1009, 'EM4', 'Rp. 24.000', 55, 1),
(1010, 'Ultradap Pak Tani', 'Rp. 7.000', 55, 1),
(1011, 'Molase', 'Rp. 14.000', 45, 1),
(1012, 'Tanduria', 'Rp. 24.000', 55, 1),
(1013, 'Arasi', 'Rp. 49.000', 35, 1),
(1014, 'Benfuron', 'Rp. 34.000', 25, 1),
(1015, 'Osmocot', 'Rp. 34.000', 55, 1),
(2001, 'Benih Padi', 'Rp. 50.000', 50, 2),
(2002, 'Benih Seledri', 'Rp. 10.000', 40, 2),
(2003, 'Benih Cabai', 'Rp. 30.000', 50, 2),
(2004, 'Benih Bawang Merah', 'Rp. 30.000', 50, 2),
(2005, 'Benih Jagung', 'Rp. 40.000', 50, 2),
(2006, 'Benih Pepaya', 'Rp. 20.000', 40, 2),
(2007, 'Benih Daun Bawang', 'Rp. 10.000', 50, 2),
(2008, 'Benih Terong', 'Rp. 15.000', 30, 2),
(2009, 'Benih Anggur', 'Rp. 40.000', 20, 2),
(2010, 'Benih Semangka', 'Rp. 40.000', 50, 2),
(2011, 'Benih Melon', 'Rp. 30.000', 60, 2),
(2012, 'Benih Kangkung', 'Rp. 10.000', 20, 2),
(2013, 'Benih Tomat', 'Rp. 20.000', 30, 2),
(2014, 'Benih Sawi', 'Rp. 20.000', 40, 2),
(2015, 'Benih Timun', 'Rp. 10.000', 50, 2),
(3001, 'Insektisida Curacron 500EC', 'Rp. 15.000', 50, 3),
(3002, 'Pestisida Nabati', 'Rp. 13.000', 40, 3),
(3003, 'Yieldmore', 'Rp. 16.000', 50, 3),
(3004, 'Antracol 70wp', 'Rp. 7.000', 60, 3),
(3005, 'SidaMetrim', 'Rp. 16.000', 50, 3),
(3006, 'Roundup 486 SL', 'Rp. 25.000 ', 50, 3),
(3007, 'Rizotin 100ec', 'Rp. 16.000 ', 50, 3),
(3008, 'Furadan 3GR', 'Rp. 10.000 ', 40, 3),
(3009, 'Nematasida', 'Rp. 16.000 ', 30, 3),
(3010, 'Sumo 50EC', 'Rp. 19.000 ', 50, 3),
(3011, 'Roundup 486SL', 'Rp. 85.000 ', 60, 3),
(3012, 'Dupon Laante 25WP', 'Rp. 19.000 ', 50, 3),
(3013, 'Kakute 40SP', 'Rp. 70.000 ', 50, 3),
(3014, 'Delouse 200SL', 'Rp. 90.000 ', 30, 3),
(3015, 'Promolish 36EC', 'Rp. 90.000 ', 50, 3),
(4001, 'Alat Tanam Jagung', 'Rp. 100.000', 20, 4),
(4002, 'Alat Ukur PH Tanah', 'Rp. 35.000', 10, 4),
(4003, 'Cangkul Rumput', 'Rp. 30.000', 20, 4),
(4004, 'Alat Penabur Pupuk', 'Rp. 150.000', 20, 4),
(4005, 'Genset Generator Yamamax', 'Rp. 900.000', 5, 4),
(4006, 'Semprotan Hama', 'Rp. 160.000', 25, 4),
(4007, 'Cangkul Mini', 'Rp. 10.000', 25, 4),
(4008, 'Pacul', 'Rp. 40.000', 30, 4),
(4009, 'Alat Pemetik Buah', 'Rp. 20.000', 20, 4),
(4010, 'Garuk Gagang Besi', 'Rp. 80.000', 15, 4),
(4011, 'Pacul Papak Tepar', 'Rp. 30.000', 20, 4),
(4012, 'Pompa Air DC', 'Rp. 70.000', 25, 4),
(4013, 'Alat Penabur Benih', 'Rp. 60.000', 30, 4),
(4014, 'Sepatu Boots', 'Rp. 50.000', 40, 4),
(4015, 'Tali Perak Pertanian', 'Rp. 40.000', 45, 4);

-- --------------------------------------------------------

--
-- Struktur dari tabel `transaksi`
--

CREATE TABLE `transaksi` (
  `customer_id_customer` int(11) NOT NULL,
  `karyawan_id_karyawan` int(11) NOT NULL,
  `id_transaksi` int(11) NOT NULL,
  `tgl_transaksi` date NOT NULL
) ENGINE=InnoDB DEFAULT CHARSET=utf8mb4 COLLATE=utf8mb4_general_ci;

--
-- Dumping data untuk tabel `transaksi`
--

INSERT INTO `transaksi` (`customer_id_customer`, `karyawan_id_karyawan`, `id_transaksi`, `tgl_transaksi`) VALUES
(32, 2, 1, '2023-07-07'),
(48, 4, 2, '2023-11-07'),
(5, 4, 3, '2023-09-27'),
(20, 5, 4, '2023-10-12'),
(9, 5, 5, '2023-11-16'),
(26, 2, 6, '2023-07-08'),
(24, 5, 7, '2023-10-11'),
(5, 2, 8, '2023-07-14'),
(50, 3, 9, '2023-06-25'),
(31, 3, 10, '2023-10-05'),
(3, 5, 11, '2023-10-02'),
(34, 2, 12, '2023-11-07'),
(21, 3, 13, '2023-09-02'),
(45, 2, 14, '2023-07-10'),
(16, 2, 15, '2023-08-27'),
(27, 3, 16, '2023-06-18'),
(44, 4, 17, '2023-06-13'),
(20, 4, 18, '2023-06-12'),
(22, 3, 19, '2023-09-19'),
(3, 5, 20, '2023-11-28'),
(47, 2, 21, '2023-10-16'),
(40, 4, 22, '2023-11-30'),
(18, 2, 23, '2023-08-21'),
(44, 4, 24, '2023-07-07'),
(17, 5, 25, '2023-10-02'),
(45, 2, 26, '2023-08-03'),
(23, 3, 27, '2023-06-26'),
(21, 3, 28, '2023-11-01'),
(12, 3, 29, '2023-10-11'),
(1, 5, 30, '2023-06-18'),
(32, 4, 31, '2023-10-16'),
(34, 5, 32, '2023-11-17'),
(22, 2, 33, '2023-10-18'),
(14, 4, 34, '2023-09-28'),
(42, 3, 35, '2023-10-18'),
(7, 2, 36, '2023-08-28'),
(28, 2, 37, '2023-09-22'),
(33, 2, 38, '2023-10-19'),
(21, 3, 39, '2023-09-19'),
(8, 2, 40, '2023-07-10'),
(9, 4, 41, '2023-10-29'),
(17, 5, 42, '2023-11-06'),
(35, 2, 43, '2023-08-21'),
(13, 3, 44, '2023-11-04'),
(36, 2, 45, '2023-10-27'),
(4, 2, 46, '2023-07-22'),
(31, 5, 47, '2023-10-16'),
(7, 2, 48, '2023-11-17'),
(32, 4, 49, '2023-08-30'),
(6, 2, 50, '2023-10-29'),
(14, 2, 51, '2023-06-08'),
(48, 3, 52, '2023-08-08'),
(1, 3, 53, '2023-08-10'),
(46, 3, 54, '2023-06-23'),
(30, 4, 55, '2023-06-14'),
(43, 4, 56, '2023-11-06'),
(32, 5, 57, '2023-11-30'),
(31, 5, 58, '2023-06-19'),
(33, 4, 59, '2023-11-13'),
(41, 5, 60, '2023-10-04'),
(6, 5, 61, '2023-11-11'),
(37, 3, 62, '2023-08-10'),
(45, 4, 63, '2023-11-18'),
(4, 3, 64, '2023-08-30'),
(30, 3, 65, '2023-11-15'),
(6, 3, 66, '2023-08-09'),
(3, 2, 67, '2023-08-20'),
(15, 2, 68, '2023-06-25'),
(8, 2, 69, '2023-10-17'),
(16, 5, 70, '2023-06-10'),
(3, 2, 71, '2023-07-28'),
(36, 4, 72, '2023-06-19'),
(10, 2, 73, '2023-08-16'),
(25, 5, 74, '2023-09-01'),
(42, 3, 75, '2023-10-27'),
(32, 4, 76, '2023-11-24'),
(21, 2, 77, '2023-06-05'),
(22, 5, 78, '2023-11-20'),
(31, 2, 79, '2023-09-26'),
(37, 4, 80, '2023-06-30'),
(39, 4, 81, '2023-09-18'),
(44, 3, 82, '2023-08-23'),
(5, 3, 83, '2023-08-02'),
(45, 3, 84, '2023-11-26'),
(33, 5, 85, '2023-09-17'),
(8, 2, 86, '2023-08-05'),
(37, 5, 87, '2023-08-18'),
(42, 3, 88, '2023-09-08'),
(25, 5, 89, '2023-07-12'),
(42, 5, 90, '2023-08-03'),
(33, 5, 91, '2023-10-22'),
(32, 5, 92, '2023-10-30'),
(7, 4, 93, '2023-11-25'),
(39, 4, 94, '2023-09-24'),
(20, 2, 95, '2023-09-27'),
(22, 3, 96, '2023-09-17'),
(36, 5, 97, '2023-07-11'),
(3, 3, 98, '2023-07-04'),
(47, 3, 99, '2023-10-11'),
(40, 5, 100, '2023-07-12'),
(21, 3, 101, '2023-08-23'),
(47, 2, 102, '2023-10-21'),
(24, 4, 103, '2023-07-18'),
(48, 2, 104, '2023-10-08'),
(30, 2, 105, '2023-06-02'),
(37, 3, 106, '2023-07-02'),
(28, 3, 107, '2023-08-09'),
(25, 2, 108, '2023-08-22'),
(38, 4, 109, '2023-06-20'),
(39, 5, 110, '2023-06-05'),
(44, 2, 111, '2023-07-02'),
(48, 2, 112, '2023-11-27'),
(13, 5, 113, '2023-08-05'),
(48, 5, 114, '2023-07-04'),
(18, 4, 115, '2023-08-04'),
(37, 3, 116, '2023-08-21'),
(19, 4, 117, '2023-07-06'),
(43, 3, 118, '2023-09-14'),
(20, 2, 119, '2023-09-16'),
(32, 4, 120, '2023-08-19'),
(32, 5, 121, '2023-09-23'),
(7, 4, 122, '2023-11-15'),
(43, 5, 123, '2023-06-14'),
(4, 4, 124, '2023-07-02'),
(33, 4, 125, '2023-08-05'),
(36, 2, 126, '2023-07-09'),
(19, 3, 127, '2023-08-28'),
(39, 3, 128, '2023-11-15'),
(26, 2, 129, '2023-11-19'),
(26, 4, 130, '2023-06-22'),
(4, 4, 131, '2023-10-24'),
(41, 2, 132, '2023-08-25'),
(1, 3, 133, '2023-10-24'),
(4, 3, 134, '2023-06-29'),
(7, 4, 135, '2023-06-29'),
(10, 5, 136, '2023-11-17'),
(23, 4, 137, '2023-08-31'),
(38, 4, 138, '2023-10-17'),
(46, 3, 139, '2023-06-07'),
(6, 3, 140, '2023-08-26'),
(42, 3, 141, '2023-08-05'),
(10, 2, 142, '2023-07-22'),
(7, 5, 143, '2023-11-18'),
(42, 4, 144, '2023-10-19'),
(6, 2, 145, '2023-08-09'),
(34, 2, 146, '2023-10-28'),
(5, 2, 147, '2023-07-15'),
(23, 5, 148, '2023-10-30'),
(17, 2, 149, '2023-07-28'),
(45, 5, 150, '2023-09-20'),
(3, 3, 151, '2023-07-05'),
(25, 4, 152, '2023-10-23'),
(45, 3, 153, '2023-07-16'),
(29, 4, 154, '2023-11-22'),
(35, 2, 155, '2023-08-21'),
(28, 4, 156, '2023-09-18'),
(17, 4, 157, '2023-06-08'),
(39, 4, 158, '2023-11-03'),
(23, 2, 159, '2023-09-26'),
(12, 3, 160, '2023-09-15'),
(11, 5, 161, '2023-07-13'),
(26, 3, 162, '2023-06-19'),
(11, 3, 163, '2023-06-13'),
(35, 3, 164, '2023-09-28'),
(17, 4, 165, '2023-08-20'),
(50, 2, 166, '2023-10-03'),
(4, 3, 167, '2023-09-21'),
(46, 4, 168, '2023-11-13'),
(3, 2, 169, '2023-09-01'),
(25, 4, 170, '2023-06-24'),
(28, 2, 171, '2023-07-07'),
(2, 4, 172, '2023-10-30'),
(6, 4, 173, '2023-11-07'),
(35, 4, 174, '2023-09-21'),
(9, 5, 175, '2023-11-15'),
(50, 5, 176, '2023-09-24'),
(14, 2, 177, '2023-10-26'),
(5, 5, 178, '2023-06-01'),
(19, 4, 179, '2023-06-03'),
(20, 3, 180, '2023-11-15'),
(12, 2, 181, '2023-08-15'),
(42, 4, 182, '2023-06-09'),
(14, 5, 183, '2023-10-19'),
(36, 4, 184, '2023-10-01'),
(13, 2, 185, '2023-06-13'),
(33, 2, 186, '2023-06-02'),
(37, 4, 187, '2023-10-31'),
(17, 2, 188, '2023-08-03'),
(48, 3, 189, '2023-09-12'),
(48, 4, 190, '2023-11-17'),
(39, 5, 191, '2023-09-09'),
(12, 3, 192, '2023-09-24'),
(10, 4, 193, '2023-08-26'),
(19, 2, 194, '2023-09-05'),
(29, 2, 195, '2023-09-25'),
(48, 4, 196, '2023-09-17'),
(42, 4, 197, '2023-08-09'),
(15, 5, 198, '2023-11-13'),
(50, 3, 199, '2023-10-24'),
(19, 5, 200, '2023-06-11'),
(13, 2, 201, '2023-06-01'),
(25, 4, 202, '2023-07-09'),
(22, 5, 203, '2023-11-04'),
(28, 5, 204, '2023-07-14'),
(25, 4, 205, '2023-07-03'),
(12, 4, 206, '2023-06-04'),
(13, 4, 207, '2023-11-19'),
(39, 4, 208, '2023-06-01'),
(16, 5, 209, '2023-09-24'),
(5, 5, 210, '2023-08-10'),
(42, 3, 211, '2023-06-14'),
(16, 5, 212, '2023-08-09'),
(30, 5, 213, '2023-09-15'),
(21, 3, 214, '2023-07-23'),
(23, 5, 215, '2023-10-31'),
(26, 4, 216, '2023-06-30'),
(44, 4, 217, '2023-08-10'),
(32, 5, 218, '2023-11-10'),
(8, 3, 219, '2023-11-17'),
(3, 2, 220, '2023-07-19'),
(25, 4, 221, '2023-08-19'),
(12, 5, 222, '2023-11-05'),
(32, 3, 223, '2023-11-27'),
(36, 5, 224, '2023-10-20'),
(3, 3, 225, '2023-09-12'),
(7, 4, 226, '2023-06-10'),
(9, 3, 227, '2023-11-28'),
(45, 5, 228, '2023-11-22'),
(28, 2, 229, '2023-10-13'),
(6, 2, 230, '2023-10-07'),
(28, 3, 231, '2023-09-13'),
(23, 3, 232, '2023-06-11'),
(40, 5, 233, '2023-10-01'),
(46, 3, 234, '2023-08-29'),
(29, 5, 235, '2023-08-12'),
(13, 4, 236, '2023-08-12'),
(46, 4, 237, '2023-07-07'),
(26, 5, 238, '2023-11-07'),
(38, 3, 239, '2023-10-12'),
(20, 3, 240, '2023-11-11'),
(29, 4, 241, '2023-11-07'),
(10, 2, 242, '2023-09-03'),
(9, 2, 243, '2023-11-30'),
(26, 3, 244, '2023-10-05'),
(50, 3, 245, '2023-07-05'),
(40, 5, 246, '2023-06-26'),
(43, 3, 247, '2023-07-23'),
(24, 2, 248, '2023-10-05'),
(29, 2, 249, '2023-08-21'),
(7, 5, 250, '2023-06-09'),
(47, 2, 251, '2023-08-14'),
(28, 4, 252, '2023-09-10'),
(32, 3, 253, '2023-06-24'),
(4, 2, 254, '2023-11-16'),
(34, 4, 255, '2023-09-14'),
(11, 5, 256, '2023-08-27'),
(12, 5, 257, '2023-10-31'),
(46, 4, 258, '2023-10-18'),
(49, 2, 259, '2023-10-06'),
(50, 3, 260, '2023-11-10'),
(38, 2, 261, '2023-07-09'),
(21, 4, 262, '2023-08-15'),
(36, 2, 263, '2023-11-15'),
(37, 2, 264, '2023-07-27'),
(39, 2, 265, '2023-07-12'),
(40, 4, 266, '2023-06-25'),
(41, 4, 267, '2023-08-02'),
(31, 4, 268, '2023-08-31'),
(45, 3, 269, '2023-10-15'),
(16, 5, 270, '2023-08-27'),
(16, 3, 271, '2023-08-28'),
(41, 3, 272, '2023-09-09'),
(3, 3, 273, '2023-10-08'),
(33, 3, 274, '2023-08-22'),
(36, 5, 275, '2023-10-04'),
(4, 2, 276, '2023-08-24'),
(29, 5, 277, '2023-09-09'),
(7, 3, 278, '2023-06-13'),
(41, 3, 279, '2023-09-26'),
(49, 4, 280, '2023-06-26'),
(22, 5, 281, '2023-10-03'),
(42, 5, 282, '2023-09-06'),
(31, 4, 283, '2023-07-09'),
(50, 2, 284, '2023-10-13'),
(6, 4, 285, '2023-09-03'),
(29, 2, 286, '2023-07-26'),
(29, 4, 287, '2023-10-15'),
(18, 5, 288, '2023-07-06'),
(33, 5, 289, '2023-08-20'),
(41, 2, 290, '2023-10-24'),
(34, 5, 291, '2023-07-16'),
(29, 2, 292, '2023-11-18'),
(35, 3, 293, '2023-10-13'),
(28, 4, 294, '2023-06-26'),
(30, 2, 295, '2023-08-09'),
(23, 5, 296, '2023-08-01'),
(6, 2, 297, '2023-11-15'),
(30, 3, 298, '2023-08-24'),
(23, 4, 299, '2023-08-25'),
(2, 2, 300, '2023-08-08'),
(10, 2, 301, '2023-09-02'),
(42, 2, 302, '2023-11-25'),
(43, 3, 303, '2023-07-21'),
(35, 3, 304, '2023-07-05'),
(8, 4, 305, '2023-06-25'),
(30, 4, 306, '2023-09-09'),
(22, 3, 307, '2023-07-17'),
(24, 5, 308, '2023-06-02'),
(36, 5, 309, '2023-08-17'),
(40, 4, 310, '2023-11-24'),
(48, 3, 311, '2023-11-06'),
(40, 4, 312, '2023-08-15'),
(5, 4, 313, '2023-08-30'),
(6, 5, 314, '2023-09-13'),
(50, 3, 315, '2023-06-07'),
(35, 3, 316, '2023-10-26'),
(16, 3, 317, '2023-08-19'),
(36, 2, 318, '2023-06-22'),
(45, 3, 319, '2023-11-28'),
(27, 2, 320, '2023-06-16'),
(41, 2, 321, '2023-08-11'),
(24, 3, 322, '2023-06-18'),
(36, 5, 323, '2023-10-07'),
(46, 4, 324, '2023-06-02'),
(7, 2, 325, '2023-07-16'),
(6, 3, 326, '2023-08-24'),
(5, 5, 327, '2023-09-06'),
(31, 3, 328, '2023-06-09'),
(10, 5, 329, '2023-07-17'),
(33, 2, 330, '2023-10-01'),
(41, 4, 331, '2023-07-15'),
(43, 5, 332, '2023-09-29'),
(48, 5, 333, '2023-07-29'),
(20, 3, 334, '2023-11-13'),
(31, 2, 335, '2023-06-27'),
(26, 3, 336, '2023-08-01'),
(14, 3, 337, '2023-11-27'),
(28, 3, 338, '2023-07-04'),
(30, 2, 339, '2023-11-09'),
(40, 2, 340, '2023-10-13'),
(31, 3, 341, '2023-06-20'),
(28, 3, 342, '2023-09-20'),
(18, 4, 343, '2023-11-01'),
(9, 4, 344, '2023-11-14'),
(25, 3, 345, '2023-07-23'),
(3, 3, 346, '2023-06-22'),
(20, 4, 347, '2023-07-01'),
(39, 2, 348, '2023-06-14'),
(25, 3, 349, '2023-11-23'),
(18, 5, 350, '2023-10-12'),
(35, 3, 351, '2023-07-19'),
(11, 2, 352, '2023-09-02'),
(49, 4, 353, '2023-06-06'),
(39, 3, 354, '2023-10-07'),
(11, 5, 355, '2023-10-01'),
(42, 2, 356, '2023-08-26'),
(12, 5, 357, '2023-09-19'),
(8, 3, 358, '2023-09-17'),
(49, 2, 359, '2023-06-18'),
(7, 2, 360, '2023-10-26'),
(40, 5, 361, '2023-07-12');

--
-- Indexes for dumped tables
--

--
-- Indeks untuk tabel `customer`
--
ALTER TABLE `customer`
  ADD PRIMARY KEY (`id_customer`),
  ADD KEY `customer_gender_fk` (`gender_id_gender`);

--
-- Indeks untuk tabel `detail_transaksi`
--
ALTER TABLE `detail_transaksi`
  ADD PRIMARY KEY (`id_detail`),
  ADD KEY `detail_transaksi_produk_fk` (`produk_id_produk`),
  ADD KEY `detail_transaksi_transaksi_fk` (`transaksi_id_transaksi`);

--
-- Indeks untuk tabel `gender`
--
ALTER TABLE `gender`
  ADD PRIMARY KEY (`id_gender`);

--
-- Indeks untuk tabel `jenis_produk`
--
ALTER TABLE `jenis_produk`
  ADD PRIMARY KEY (`id_jenis_produk`);

--
-- Indeks untuk tabel `karyawan`
--
ALTER TABLE `karyawan`
  ADD PRIMARY KEY (`id_karyawan`),
  ADD KEY `karyawan_gender_fk` (`gender_id_gender`);

--
-- Indeks untuk tabel `produk`
--
ALTER TABLE `produk`
  ADD PRIMARY KEY (`id_produk`),
  ADD KEY `produk_jenis_produk_fk` (`jenis_produk_id_jenis_produk`);

--
-- Indeks untuk tabel `transaksi`
--
ALTER TABLE `transaksi`
  ADD PRIMARY KEY (`id_transaksi`),
  ADD KEY `transaksi_customer_fk` (`customer_id_customer`),
  ADD KEY `transaksi_karyawan_fk` (`karyawan_id_karyawan`);

--
-- Ketidakleluasaan untuk tabel pelimpahan (Dumped Tables)
--

--
-- Ketidakleluasaan untuk tabel `customer`
--
ALTER TABLE `customer`
  ADD CONSTRAINT `customer_gender_fk` FOREIGN KEY (`gender_id_gender`) REFERENCES `gender` (`id_gender`);

--
-- Ketidakleluasaan untuk tabel `detail_transaksi`
--
ALTER TABLE `detail_transaksi`
  ADD CONSTRAINT `detail_transaksi_produk_fk` FOREIGN KEY (`produk_id_produk`) REFERENCES `produk` (`id_produk`),
  ADD CONSTRAINT `detail_transaksi_transaksi_fk` FOREIGN KEY (`transaksi_id_transaksi`) REFERENCES `transaksi` (`id_transaksi`);

--
-- Ketidakleluasaan untuk tabel `karyawan`
--
ALTER TABLE `karyawan`
  ADD CONSTRAINT `karyawan_gender_fk` FOREIGN KEY (`gender_id_gender`) REFERENCES `gender` (`id_gender`);

--
-- Ketidakleluasaan untuk tabel `produk`
--
ALTER TABLE `produk`
  ADD CONSTRAINT `produk_jenis_produk_fk` FOREIGN KEY (`jenis_produk_id_jenis_produk`) REFERENCES `jenis_produk` (`id_jenis_produk`);

--
-- Ketidakleluasaan untuk tabel `transaksi`
--
ALTER TABLE `transaksi`
  ADD CONSTRAINT `transaksi_customer_fk` FOREIGN KEY (`customer_id_customer`) REFERENCES `customer` (`id_customer`),
  ADD CONSTRAINT `transaksi_karyawan_fk` FOREIGN KEY (`karyawan_id_karyawan`) REFERENCES `karyawan` (`id_karyawan`);
COMMIT;

/*!40101 SET CHARACTER_SET_CLIENT=@OLD_CHARACTER_SET_CLIENT */;
/*!40101 SET CHARACTER_SET_RESULTS=@OLD_CHARACTER_SET_RESULTS */;
/*!40101 SET COLLATION_CONNECTION=@OLD_COLLATION_CONNECTION */;
